ID,title,code,page,bpage,j1,j2,u1,u2,content,time,hits,cd,jb,gg,nf,zl,wg,xj,kg,ch,nl,user,class_ID,hot,p1,p2,p3,p4
360,"EL3110",0,"2021/5/2021052669088465.jpg",,,,,,,"05/26/21 19:11:33",1,0,,,,,,"1-100",,,,"admin",47,0,"EL3110",,,
361,"EL3111",0,"2021/5/2021052669160433.jpg",,,,,,,"05/26/21 19:12:07",2,0,,,,,,"1-100",,,,"admin",47,0,"EL3111",,,
362,"EL3112",0,"2021/5/2021052669140697.jpg",,,,,,,"05/26/21 19:12:24",3,0,,,,,,"1-100",,,,"admin",47,0,"EL3112",,,
363,"EL3113",0,"2021/5/2021052669184041.jpg",,,,,,,"05/26/21 19:13:08",4,0,,,,,,"1-100",,,,"admin",47,0,"EL3113",,,
364,"EL3115",0,"2021/5/2021052669208369.jpg",,,,,,,"05/26/21 19:13:30",5,0,,,,,,"1-100",,,,"admin",47,0,"EL3115",,,
365,"EL3116",0,"2021/5/2021052669223209.jpg",,,,,,,"05/26/21 19:13:48",6,0,,,,,,"1-100",,,,"admin",47,0,"EL3116",,,
366,"EL3117",0,"2021/5/2021052669239025.jpg",,,,,,,"05/26/21 19:14:02",7,0,,,,,,"1-100",,,,"admin",47,0,"EL3117",,,
367,"EL3118",0,"2021/5/2021052669252257.jpg",,,,,,,"05/26/21 19:14:16",8,0,,,,,,"1-100",,,,"admin",47,0,"EL3118",,,
368,"EL3119",0,"2021/5/2021052669266913.jpg",,,,,,,"05/26/21 19:14:29",9,0,,,,,,"1-100",,,,"admin",47,0,"EL3119",,,
389,"qy07",0,"2021/5/2021052780026705.jpg",,,,,,,"05/27/21 22:13:48",30,1,,,,,,"1-100",,,,"admin",53,0,"qy07",,,
390,"qy08",0,"2021/5/2021052780039161.jpg",,,,,,,"05/27/21 22:13:59",31,0,,,,,,"1-100",,,,"admin",53,0,"qy08",,,
391,"qy09",0,"2021/5/2021052780049625.jpg",,,,,,,"05/27/21 22:14:11",32,0,,,,,,"1-100",,,,"admin",53,0,"qy09",,,
392,"qy10风化暗棕",0,"2021/5/2021052780100561.jpg",,,,,,,"05/27/21 22:15:03",33,0,,,,,,"1-100",,,,"admin",53,0,"qy10风化暗棕",,,
393,"qy11风化棕",0,"2021/5/2021052780112577.jpg",,,,,,,"05/27/21 22:15:13",34,0,,,,,,"1-100",,,,"admin",53,0,"qy11风化棕",,,
394,"qy12风化黑",0,"2021/5/2021052780122985.jpg",,,,,,,"05/27/21 22:15:24",35,0,,,,,,"1-100",,,,"admin",53,0,"qy12风化黑",,,
395,"qy13风化橙",0,"2021/5/2021052780134529.jpg",,,,,,,"05/27/21 22:15:36",36,0,,,,,,"1-100",,,,"admin",53,0,"qy13风化橙",,,
396,"qy15风化红",0,"2021/5/2021052780145785.jpg",,,,,,,"05/27/21 22:15:47",37,0,,,,,,"1-100",,,,"admin",53,0,"qy15风化红",,,
397,"qy16",0,"2021/5/2021052780157297.jpg",,,,,,,"05/27/21 22:15:57",38,0,,,,,,"1-100",,,,"admin",53,0,"qy16",,,
398,"qy17",0,"2021/5/2021052780167185.jpg",,,,,,,"05/27/21 22:16:08",39,0,,,,,,"1-100",,,,"admin",53,0,"qy17",,,
399,"qy18",0,"2021/5/2021052780177489.jpg",,,,,,,"05/27/21 22:16:18",40,0,,,,,,"1-100",,,,"admin",53,0,"qy18",,,
400,"qy19",0,"2021/5/2021052780190377.jpg",,,,,,,"05/27/21 22:16:31",41,0,,,,,,"1-100",,,,"admin",53,0,"qy19",,,
401,"qy20",0,"2021/5/2021052780205473.jpg",,,,,,,"05/27/21 22:16:46",42,0,,,,,,"1-100",,,,"admin",53,0,"qy20",,,
402,"qy21",0,"2021/5/2021052780215577.jpg",,,,,,,"05/27/21 22:16:57",43,0,,,,,,"1-100",,,,"admin",53,0,"qy21",,,
403,"青瓦",0,"2021/5/2021052780361409.jpg",,,,,,,"05/27/21 22:19:23",44,0,,,,,,"1-100",,,,"admin",54,0,"青瓦",,,
404,"瓦筒",0,"2021/5/2021052780374441.jpg",,,,,,,"05/27/21 22:19:35",45,0,,,,,,"1-100",,,,"admin",54,0,"瓦筒",,,
405,"滴水",0,"2021/5/2021052780385265.jpg",,,,,,,"05/27/21 22:19:46",46,0,,,,,,"1-100",,,,"admin",54,0,"滴水",,,
406,"反面滴水",0,"2021/5/2021052780395785.jpg",,,,,,,"05/27/21 22:19:56",47,0,,,,,,"1-100",,,,"admin",54,0,"反面滴水",,,
407,"代头",0,"2021/5/2021052780406441.jpg",,,,,,,"05/27/21 22:20:07",48,0,,,,,,"1-100",,,,"admin",54,0,"代头",,,
408,"挡勾",0,"2021/5/2021052780422969.jpg",,,,,,,"05/27/21 22:20:24",49,0,,,,,,"1-100",,,,"admin",54,0,"挡勾",,,
369,"EL3120",0,"2021/5/2021052669286273.jpg",,,,,,,"05/26/21 19:14:47",10,0,,,,,,"1-100",,,,"admin",47,0,"EL3120",,,
370,"EL3121",0,"2021/5/2021052669311761.jpg",,,,,,,"05/26/21 19:15:14",11,0,,,,,,"1-100",,,,"admin",47,0,"EL3121",,,
371,"EL3122",0,"2021/5/2021052669329025.jpg",,,,,,,"05/26/21 19:15:30",12,0,,,,,,"1-100",,,,"admin",47,0,"EL3122",,,
372,"EL3123",0,"2021/5/2021052669341177.jpg",,,,,,,"05/26/21 19:15:43",13,0,,,,,,"1-100",,,,"admin",47,0,"EL3123",,,
373,"TL3701(风化红)",0,"2021/5/2021052669361601.jpg",,,,,,,"05/26/21 19:16:03",14,1,,,,,,"1-100",,,,"admin",47,0,"TL3701(风化红)",,,
374,"TL3702(风化棕)",0,"2021/5/2021052669376649.jpg",,,,,,,"05/26/21 19:16:18",15,1,,,,,,"1-100",,,,"admin",47,0,"TL3702(风化棕)",,,
375,"TL3703(风化黄)",0,"2021/5/2021052669487697.jpg",,,,,,,"05/26/21 19:18:10",16,1,,,,,,"1-100",,,,"admin",47,0,"TL3703(风化黄)",,,
376,"挡勾",0,"2021/5/2021052669505569.jpg",,,,,,,"05/26/21 19:18:27",17,0,,,,,,"1-100",,,,"admin",47,0,"挡勾",,,
377,"垫瓦",0,"2021/5/2021052669520649.jpg",,,,,,,"05/26/21 19:18:42",18,0,,,,,,"1-100",,,,"admin",47,0,"垫瓦",,,
378,"封口",0,"2021/5/2021052669536105.jpg",,,,,,,"05/26/21 19:18:57",19,0,,,,,,"1-100",,,,"admin",47,0,"封口",,,
409,"三星脊",0,"2021/5/2021052780433657.jpg",,,,,,,"05/27/21 22:20:34",50,0,,,,,,"1-100",,,,"admin",54,0,"三星脊",,,
410,"花脊",0,"2021/5/2021052780443377.jpg",,,,,,,"05/27/21 22:20:44",51,0,,,,,,"1-100",,,,"admin",54,0,"花脊",,,
411,"紫砂红",0,"2021/5/2021052780482161.jpg",,,,,,,"05/27/21 22:21:23",52,0,,,,,,"1-100",,,,"admin",55,0,"紫砂红",,,
412,"瓦筒",0,"2021/5/2021052780492409.jpg",,,,,,,"05/27/21 22:21:34",53,0,,,,,,"1-100",,,,"admin",55,0,"瓦筒",,,
413,"滴水",0,"2021/5/2021052780504113.jpg",,,,,,,"05/27/21 22:21:45",54,0,,,,,,"1-100",,,,"admin",55,0,"滴水",,,
414,"三星脊",0,"2021/5/2021052780514489.jpg",,,,,,,"05/27/21 22:21:55",55,0,,,,,,"1-100",,,,"admin",55,0,"三星脊",,,
415,"花脊",0,"2021/5/2021052780524345.jpg",,,,,,,"05/27/21 22:22:05",56,0,,,,,,"1-100",,,,"admin",55,0,"花脊",,,
416,"反面滴水",0,"2021/5/2021052780534705.jpg",,,,,,,"05/27/21 22:22:16",57,0,,,,,,"1-100",,,,"admin",55,0,"反面滴水",,,
417,"挡勾",0,"2021/5/2021052780544873.jpg",,,,,,,"05/27/21 22:22:25",58,0,,,,,,"1-100",,,,"admin",55,0,"挡勾",,,
418,"代头",0,"2021/5/2021052780555545.jpg",,,,,,,"05/27/21 22:22:36",59,0,,,,,,"1-100",,,,"admin",55,0,"代头",,,
379,"三通",0,"2021/5/2021052669550745.jpg",,,,,,,"05/26/21 19:19:11",20,0,,,,,,"1-100",,,,"admin",47,0,"三通",,,
380,"水勾瓦",0,"2021/5/2021052669563665.jpg",,,,,,,"05/26/21 19:19:25",21,0,,,,,,"1-100",,,,"admin",47,0,"水勾瓦",,,
381,"四通",0,"2021/5/2021052669576793.jpg",,,,,,,"05/26/21 19:19:38",22,0,,,,,,"1-100",,,,"admin",47,0,"四通",,,
382,"燕巢",0,"2021/5/2021052669588041.jpg",,,,,,,"05/26/21 19:19:51",23,0,,,,,,"1-100",,,,"admin",47,0,"燕巢",,,
383,"372x92",0,"2021/5/2021052779941953.jpg",,,,,,,"05/27/21 22:12:24",24,0,,,,,,"1-100",,,,"admin",53,0,"372x92",,,
384,"qy01",0,"2021/5/2021052779963689.jpg",,,,,,,"05/27/21 22:12:45",25,1,,,,,,"1-100",,,,"admin",53,0,"qy01",,,
385,"qy02",0,"2021/5/2021052779977033.jpg",,,,,,,"05/27/21 22:12:58",26,1,,,,,,"1-100",,,,"admin",53,0,"qy02",,,
386,"qy03",0,"2021/5/2021052779989721.jpg",,,,,,,"05/27/21 22:13:11",27,1,,,,,,"1-100",,,,"admin",53,0,"qy03",,,
387,"qy05",0,"2021/5/2021052780003641.jpg",,,,,,,"05/27/21 22:13:24",28,1,,,,,,"1-100",,,,"admin",53,0,"qy05",,,
388,"qy06",0,"2021/5/2021052780014033.jpg",,,,,,,"05/27/21 22:13:36",29,1,,,,,,"1-100",,,,"admin",53,0,"qy06",,,
419,"五孔八圆砖",0,"2021/5/2021052780581545.jpg",,,,,,,"05/27/21 22:23:02",60,0,,,,,,"1-100",,,,"admin",56,0,"五孔八圆砖",,,
420,"双连式花格砖",0,"2021/5/2021052780592769.jpg",,,,,,,"05/27/21 22:23:13",61,0,,,,,,"1-100",,,,"admin",56,0,"双连式花格砖",,,
421,"钱古窗",0,"2021/5/2021052780602249.jpg",,,,,,,"05/27/21 22:23:23",62,0,,,,,,"1-100",,,,"admin",56,0,"钱古窗",,,
422,"空气窗",0,"2021/5/2021052780611561.jpg",,,,,,,"05/27/21 22:23:32",63,0,,,,,,"1-100",,,,"admin",56,0,"空气窗",,,
423,"花窗",0,"2021/5/2021052780622393.jpg",,,,,,,"05/27/21 22:23:43",64,0,,,,,,"1-100",,,,"admin",56,0,"花窗",,,
424,"蝴蝶窗",0,"2021/5/2021052780642753.jpg",,,,,,,"05/27/21 22:24:03",65,0,,,,,,"1-100",,,,"admin",56,0,"蝴蝶窗",,,
425,"蝴蝶窗",0,"2021/5/2021052780653593.jpg",,,,,,,"05/27/21 22:24:14",66,0,,,,,,"1-100",,,,"admin",56,0,"蝴蝶窗",,,
426,"厚小花窗",0,"2021/5/2021052780662737.jpg",,,,,,,"05/27/21 22:24:23",67,0,,,,,,"1-100",,,,"admin",56,0,"厚小花窗",,,
427,"古币窗",0,"2021/5/2021052780671801.jpg",,,,,,,"05/27/21 22:24:32",68,0,,,,,,"1-100",,,,"admin",56,0,"古币窗",,,
428,"挡板瓦",0,"2021/5/2021052780681785.jpg",,,,,,,"05/27/21 22:24:42",69,0,,,,,,"1-100",,,,"admin",56,0,"挡板瓦",,,
429,"别墅花窗",0,"2021/5/2021052780691609.jpg",,,,,,,"05/27/21 22:24:52",70,0,,,,,,"1-100",,,,"admin",56,0,"别墅花窗",,,
430,"001",0,"2021/5/2021052780716577.jpg",,,,,,,"05/27/21 22:25:21",71,0,,,,,,"1-100",,,,"admin",57,0,"001",,,
431,"002",0,"2021/5/2021052780731833.jpg",,,,,,,"05/27/21 22:25:33",72,0,,,,,,"1-100",,,,"admin",57,0,"002",,,
432,"003",0,"2021/5/2021052780743561.jpg",,,,,,,"05/27/21 22:25:44",73,0,,,,,,"1-100",,,,"admin",57,0,"003",,,
433,"004",0,"2021/5/2021052780756265.jpg",,,,,,,"05/27/21 22:25:58",74,0,,,,,,"1-100",,,,"admin",57,0,"004",,,
434,"005",0,"2021/5/2021052780769313.jpg",,,,,,,"05/27/21 22:26:10",75,0,,,,,,"1-100",,,,"admin",57,0,"005",,,
435,"006",0,"2021/5/2021052780780409.jpg",,,,,,,"05/27/21 22:26:21",76,0,,,,,,"1-100",,,,"admin",57,0,"006",,,
436,"007",0,"2021/5/2021052780789889.jpg",,,,,,,"05/27/21 22:26:31",77,0,,,,,,"1-100",,,,"admin",57,0,"007",,,
437,"008",0,"2021/5/2021052780800985.jpg",,,,,,,"05/27/21 22:26:42",78,0,,,,,,"1-100",,,,"admin",57,0,"008",,,
438,"009",0,"2021/5/2021052780811705.jpg",,,,,,,"05/27/21 22:26:53",79,0,,,,,,"1-100",,,,"admin",57,0,"009",,,
439,"010",0,"2021/5/2021052780821921.jpg",,,,,,,"05/27/21 22:27:03",80,0,,,,,,"1-100",,,,"admin",57,0,"010",,,
440,"高温渡金瓦片",0,"2021/5/2021052780879857.jpg",,,,,,,"05/27/21 22:28:01",81,0,,,,,,"1-100",,,,"admin",58,0,"高温渡金瓦片",,,
441,"高温渡金滴水",0,"2021/5/2021052780890345.jpg",,,,,,,"05/27/21 22:28:11",82,0,,,,,,"1-100",,,,"admin",58,0,"高温渡金滴水",,,
442,"高温渡金勾头",0,"2021/5/2021052780903201.jpg",,,,,,,"05/27/21 22:28:25",83,0,,,,,,"1-100",,,,"admin",58,0,"高温渡金勾头",,,
443,"高温渡金瓦筒",0,"2021/5/2021052780914065.jpg",,,,,,,"05/27/21 22:28:35",84,0,,,,,,"1-100",,,,"admin",58,0,"高温渡金瓦筒",,,
444,"包裹红瓦片",0,"2021/5/2021052780924705.jpg",,,,,,,"05/27/21 22:28:45",85,0,,,,,,"1-100",,,,"admin",58,0,"包裹红瓦片",,,
445,"包裹红滴水",0,"2021/5/2021052780935049.jpg",,,,,,,"05/27/21 22:28:56",86,0,,,,,,"1-100",,,,"admin",58,0,"包裹红滴水",,,
446,"包裹红勾头",0,"2021/5/2021052780946609.jpg",,,,,,,"05/27/21 22:29:07",87,0,,,,,,"1-100",,,,"admin",58,0,"包裹红勾头",,,
447,"包裹红瓦筒",0,"2021/5/2021052780961065.jpg",,,,,,,"05/27/21 22:29:22",88,0,,,,,,"1-100",,,,"admin",58,0,"包裹红瓦筒",,,
448,"黑灰瓦片",0,"2021/5/2021052780972113.jpg",,,,,,,"05/27/21 22:29:33",89,0,,,,,,"1-100",,,,"admin",58,0,"黑灰瓦片",,,
449,"黑灰滴水",0,"2021/5/2021052780983329.jpg",,,,,,,"05/27/21 22:29:44",90,0,,,,,,"1-100",,,,"admin",58,0,"黑灰滴水",,,
450,"黑灰勾头",0,"2021/5/2021052780993409.jpg",,,,,,,"05/27/21 22:29:54",91,0,,,,,,"1-100",,,,"admin",58,0,"黑灰勾头",,,
451,"黑灰瓦筒",0,"2021/5/2021052781003281.jpg",,,,,,,"05/27/21 22:30:04",92,0,,,,,,"1-100",,,,"admin",58,0,"黑灰瓦筒",,,
452,"桔红瓦片",0,"2021/5/2021052781013489.jpg",,,,,,,"05/27/21 22:30:14",93,0,,,,,,"1-100",,,,"admin",58,0,"桔红瓦片",,,
453,"桔红滴水",0,"2021/5/2021052781023329.jpg",,,,,,,"05/27/21 22:30:24",94,0,,,,,,"1-100",,,,"admin",58,0,"桔红滴水",,,
454,"桔红勾头",0,"2021/5/2021052781034457.jpg",,,,,,,"05/27/21 22:30:35",95,0,,,,,,"1-100",,,,"admin",58,0,"桔红勾头",,,
455,"桔红瓦筒",0,"2021/5/2021052781044921.jpg",,,,,,,"05/27/21 22:30:46",96,0,,,,,,"1-100",,,,"admin",58,0,"桔红瓦筒",,,
456,"三星水仙花",0,"2021/5/2021052781088201.jpg",,,,,,,"05/27/21 22:31:29",97,0,,,,,,"1-100",,,,"admin",59,0,"三星水仙花",,,
457,"三星仙人走兽",0,"2021/5/2021052781099129.jpg",,,,,,,"05/27/21 22:31:40",98,0,,,,,,"1-100",,,,"admin",59,0,"三星仙人走兽",,,
458,"三星垂兽",0,"2021/5/2021052781108953.jpg",,,,,,,"05/27/21 22:31:50",99,0,,,,,,"1-100",,,,"admin",59,0,"三星垂兽",,,
459,"三星凤走兽",0,"2021/5/2021052781119233.jpg",,,,,,,"05/27/21 22:32:00",100,0,,,,,,"1-100",,,,"admin",59,0,"三星凤走兽",,,
460,"三星走兽（马）",0,"2021/5/2021052781129561.jpg",,,,,,,"05/27/21 22:32:10",101,0,,,,,,"1-100",,,,"admin",59,0,"三星走兽（马）",,,
461,"三星角尖",0,"2021/5/2021052781139625.jpg",,,,,,,"05/27/21 22:32:20",102,0,,,,,,"1-100",,,,"admin",59,0,"三星角尖",,,
462,"三星广东角",0,"2021/5/2021052781149873.jpg",,,,,,,"05/27/21 22:32:31",103,0,,,,,,"1-100",,,,"admin",59,0,"三星广东角",,,
463,"花脊广东角",0,"2021/5/2021052781161049.jpg",,,,,,,"05/27/21 22:32:42",104,0,,,,,,"1-100",,,,"admin",59,0,"花脊广东角",,,
464,"大坐狮",0,"2021/5/2021052781170721.jpg",,,,,,,"05/27/21 22:32:51",105,0,,,,,,"1-100",,,,"admin",59,0,"大坐狮",,,
465,"50公分正吻",0,"2021/5/2021052781180577.jpg",,,,,,,"05/27/21 22:33:01",106,0,,,,,,"1-100",,,,"admin",59,0,"50公分正吻",,,
466,"25合吻",0,"2021/5/2021052781190313.jpg",,,,,,,"05/27/21 22:33:11",107,0,,,,,,"1-100",,,,"admin",59,0,"25合吻",,,
467,"龙吻",0,"2021/5/2021052781199905.jpg",,,,,,,"05/27/21 22:33:21",108,0,,,,,,"1-100",,,,"admin",59,0,"龙吻",,,
468,"50#合角吻",0,"2021/5/2021052781210689.jpg",,,,,,,"05/27/21 22:33:31",109,0,,,,,,"1-100",,,,"admin",59,0,"50#合角吻",,,
469,"葫芦",0,"2021/5/2021052781219593.jpg",,,,,,,"05/27/21 22:33:40",110,0,,,,,,"1-100",,,,"admin",59,0,"葫芦",,,
470,"瓦筒&amp;#17613;龙",0,"2021/5/2021052781236001.jpg",,,,,,,"05/27/21 22:33:57",111,0,,,,,,"1-100",,,,"admin",59,0,"瓦筒&#17613;龙",,,
471,"瓦筒&amp;#17613;龙",0,"2021/5/2021052781249001.jpg",,,,,,,"05/27/21 22:34:10",112,0,,,,,,"1-100",,,,"admin",59,0,"瓦筒&#17613;龙",,,
472,"瓦筒水仙花",0,"2021/5/2021052781261577.jpg",,,,,,,"05/27/21 22:34:22",113,0,,,,,,"1-100",,,,"admin",59,0,"瓦筒水仙花",,,
473,"瓦筒角尖",0,"2021/5/2021052781272457.jpg",,,,,,,"05/27/21 22:34:33",114,0,,,,,,"1-100",,,,"admin",59,0,"瓦筒角尖",,,
474,"花脊草角",0,"2021/5/2021052781282937.jpg",,,,,,,"05/27/21 22:34:44",115,0,,,,,,"1-100",,,,"admin",59,0,"花脊草角",,,
475,"小花脊水仙花",0,"2021/5/2021052781293169.jpg",,,,,,,"05/27/21 22:34:54",116,0,,,,,,"1-100",,,,"admin",59,0,"小花脊水仙花",,,
476,"花脊垂兽",0,"2021/5/2021052781304201.jpg",,,,,,,"05/27/21 22:35:05",117,0,,,,,,"1-100",,,,"admin",59,0,"花脊垂兽",,,
477,"花脊角尖",0,"2021/5/2021052781317129.jpg",,,,,,,"05/27/21 22:35:18",118,0,,,,,,"1-100",,,,"admin",59,0,"花脊角尖",,,
478,"花脊麒麟",0,"2021/5/2021052781328953.jpg",,,,,,,"05/27/21 22:35:29",119,0,,,,,,"1-100",,,,"admin",59,0,"花脊麒麟",,,
479,"宝顶",0,"2021/5/2021052781339737.jpg",,,,,,,"05/27/21 22:35:40",120,0,,,,,,"1-100",,,,"admin",59,0,"宝顶",,,
480,"5066米白",0,"2021/5/2021052781382561.jpg",,,,,,,"05/27/21 22:36:24",121,0,,,,,,"1-100",,,,"admin",60,0,"5066米白",,,
481,"5067深米黄",0,"2021/5/2021052781393721.jpg",,,,,,,"05/27/21 22:36:34",122,0,,,,,,"1-100",,,,"admin",60,0,"5067深米黄",,,
482,"5068朱砂红",0,"2021/5/2021052781403425.jpg",,,,,,,"05/27/21 22:36:44",123,0,,,,,,"1-100",,,,"admin",60,0,"5068朱砂红",,,
483,"5018桔黄",0,"2021/5/2021052781414513.jpg",,,,,,,"05/27/21 22:36:56",124,0,,,,,,"1-100",,,,"admin",60,0,"5018桔黄",,,
484,"5022铁红",0,"2021/5/2021052781427297.jpg",,,,,,,"05/27/21 22:37:08",125,0,,,,,,"1-100",,,,"admin",60,0,"5022铁红",,,
485,"5009大红",0,"2021/5/2021052781438921.jpg",,,,,,,"05/27/21 22:37:20",126,0,,,,,,"1-100",,,,"admin",60,0,"5009大红",,,
486,"5001玫红",0,"2021/5/2021052781448473.jpg",,,,,,,"05/27/21 22:37:29",127,0,,,,,,"1-100",,,,"admin",60,0,"5001玫红",,,
487,"5008孔绿",0,"2021/5/2021052781458001.jpg",,,,,,,"05/27/21 22:37:39",128,0,,,,,,"1-100",,,,"admin",60,0,"5008孔绿",,,
488,"5010钴蓝",0,"2021/5/2021052781467921.jpg",,,,,,,"05/27/21 22:37:48",129,0,,,,,,"1-100",,,,"admin",60,0,"5010钴蓝",,,
489,"5027浅灰-亚光",0,"2021/5/2021052781484001.jpg",,,,,,,"05/27/21 22:38:06",130,0,,,,,,"1-100",,,,"admin",60,0,"5027浅灰-亚光",,,
490,"5006黑紫砂",0,"2021/5/2021052781498953.jpg",,,,,,,"05/27/21 22:38:19",131,0,,,,,,"1-100",,,,"admin",60,0,"5006黑紫砂",,,
491,"5016蓝灰-亚光",0,"2021/5/2021052781514473.jpg",,,,,,,"05/27/21 22:38:35",132,0,,,,,,"1-100",,,,"admin",60,0,"5016蓝灰-亚光",,,
492,"5027浅孔蓝",0,"2021/5/2021052781524769.jpg",,,,,,,"05/27/21 22:38:45",133,0,,,,,,"1-100",,,,"admin",60,0,"5027浅孔蓝",,,
493,"5013咖啡",0,"2021/5/2021052781536737.jpg",,,,,,,"05/27/21 22:38:57",134,0,,,,,,"1-100",,,,"admin",60,0,"5013咖啡",,,
494,"5088黑金砂",0,"2021/5/2021052781548249.jpg",,,,,,,"05/27/21 22:39:09",135,0,,,,,,"1-100",,,,"admin",60,0,"5088黑金砂",,,
495,"3018桔红",0,"2021/5/2021052781557905.jpg",,,,,,,"05/27/21 22:39:19",136,0,,,,,,"1-100",,,,"admin",60,0,"3018桔红",,,
496,"3009大红",0,"2021/5/2021052781569065.jpg",,,,,,,"05/27/21 22:39:30",137,0,,,,,,"1-100",,,,"admin",60,0,"3009大红",,,
497,"3022铁红",0,"2021/5/2021052781578905.jpg",,,,,,,"05/27/21 22:39:39",138,0,,,,,,"1-100",,,,"admin",60,0,"3022铁红",,,
498,"3001玫红",0,"2021/5/2021052781588769.jpg",,,,,,,"05/27/21 22:39:49",139,0,,,,,,"1-100",,,,"admin",60,0,"3001玫红",,,
499,"3016蓝灰-亚光",0,"2021/5/2021052781598233.jpg",,,,,,,"05/27/21 22:39:58",140,0,,,,,,"1-100",,,,"admin",60,0,"3016蓝灰-亚光",,,
500,"3006黑紫砂",0,"2021/5/2021052781607801.jpg",,,,,,,"05/27/21 22:40:09",141,0,,,,,,"1-100",,,,"admin",60,0,"3006黑紫砂",,,
501,"2009大红",0,"2021/5/2021052781626577.jpg",,,,,,,"05/27/21 22:40:27",142,0,,,,,,"1-100",,,,"admin",60,0,"2009大红",,,
502,"2028朱砂红",0,"2021/5/2021052781639201.jpg",,,,,,,"05/27/21 22:40:40",143,0,,,,,,"1-100",,,,"admin",60,0,"2028朱砂红",,,
503,"2022铁红",0,"2021/5/2021052781650801.jpg",,,,,,,"05/27/21 22:40:52",144,0,,,,,,"1-100",,,,"admin",60,0,"2022铁红",,,
504,"2001玫红",0,"2021/5/2021052781662201.jpg",,,,,,,"05/27/21 22:41:02",145,0,,,,,,"1-100",,,,"admin",60,0,"2001玫红",,,
505,"2027浅灰",0,"2021/5/2021052781672513.jpg",,,,,,,"05/27/21 22:41:13",146,0,,,,,,"1-100",,,,"admin",60,0,"2027浅灰",,,
506,"2037深灰",0,"2021/5/2021052781684097.jpg",,,,,,,"05/27/21 22:41:24",147,0,,,,,,"1-100",,,,"admin",60,0,"2037深灰",,,
507,"2016蓝灰-亚光",0,"2021/5/2021052781694737.jpg",,,,,,,"05/27/21 22:41:35",148,0,,,,,,"1-100",,,,"admin",60,0,"2016蓝灰-亚光",,,
508,"2006黑紫砂",0,"2021/5/2021052781705657.jpg",,,,,,,"05/27/21 22:41:47",149,0,,,,,,"1-100",,,,"admin",60,0,"2006黑紫砂",,,
509,"29295黑紫砂",0,"2021/5/2021052781739657.jpg",,,,,,,"05/27/21 22:42:20",150,0,,,,,,"1-100",,,,"admin",61,0,"29295黑紫砂",,,
510,"29195黑紫砂",0,"2021/5/2021052781749921.jpg",,,,,,,"05/27/21 22:42:30",151,0,,,,,,"1-100",,,,"admin",61,0,"29195黑紫砂",,,
511,"2995黑紫砂",0,"2021/5/2021052781813233.jpg",,,,,,,"05/27/21 22:43:33",152,0,,,,,,"1-100",,,,"admin",61,0,"2995黑紫砂",,,
512,"29263紫砂红",0,"2021/5/2021052781823529.jpg",,,,,,,"05/27/21 22:43:44",153,0,,,,,,"1-100",,,,"admin",61,0,"29263紫砂红",,,
513,"29163紫砂红",0,"2021/5/2021052781831969.jpg",,,,,,,"05/27/21 22:43:52",154,0,,,,,,"1-100",,,,"admin",61,0,"29163紫砂红",,,
514,"2963紫砂红",0,"2021/5/2021052781841577.jpg",,,,,,,"05/27/21 22:44:02",155,0,,,,,,"1-100",,,,"admin",61,0,"2963紫砂红",,,
515,"2855青灰",0,"2021/5/2021052781869833.jpg",,,,,,,"05/27/21 22:44:30",156,0,,,,,,"1-100",,,,"admin",62,0,"2855青灰",,,
516,"2817锆铁红",0,"2021/5/2021052781879065.jpg",,,,,,,"05/27/21 22:44:39",157,0,,,,,,"1-100",,,,"admin",62,0,"2817锆铁红",,,
517,"2813浅咖啡",0,"2021/5/2021052781890217.jpg",,,,,,,"05/27/21 22:44:51",158,0,,,,,,"1-100",,,,"admin",62,0,"2813浅咖啡",,,
518,"2863紫砂红",0,"2021/5/2021052781899753.jpg",,,,,,,"05/27/21 22:45:01",159,0,,,,,,"1-100",,,,"admin",62,0,"2863紫砂红",,,
519,"2833浅米黄",0,"2021/5/2021052781910249.jpg",,,,,,,"05/27/21 22:45:11",160,0,,,,,,"1-100",,,,"admin",62,0,"2833浅米黄",,,
520,"2865蓝青",0,"2021/5/2021052781919753.jpg",,,,,,,"05/27/21 22:45:20",161,0,,,,,,"1-100",,,,"admin",62,0,"2865蓝青",,,
521,"F3701",0,"2021/5/2021052781953249.jpg",,,,,,,"05/27/21 22:45:54",162,0,,,,,,"1-100",,,,"admin",63,0,"F3701",,,
522,"F3702",0,"2021/5/2021052781962753.jpg",,,,,,,"05/27/21 22:46:04",163,0,,,,,,"1-100",,,,"admin",63,0,"F3702",,,
523,"F3703",0,"2021/5/2021052781973297.jpg",,,,,,,"05/27/21 22:46:13",164,0,,,,,,"1-100",,,,"admin",63,0,"F3703",,,
524,"F3705",0,"2021/5/2021052781981857.jpg",,,,,,,"05/27/21 22:46:23",165,0,,,,,,"1-100",,,,"admin",63,0,"F3705",,,
525,"T3左瓦",0,"2021/5/2021052781991841.jpg",,,,,,,"05/27/21 22:46:32",166,0,,,,,,"1-100",,,,"admin",63,0,"T3左瓦",,,
526,"T4右瓦",0,"2021/5/2021052782000801.jpg",,,,,,,"05/27/21 22:46:41",167,0,,,,,,"1-100",,,,"admin",63,0,"T4右瓦",,,
527,"T5脊瓦",0,"2021/5/2021052782010161.jpg",,,,,,,"05/27/21 22:46:50",168,0,,,,,,"1-100",,,,"admin",63,0,"T5脊瓦",,,
528,"T7半封",0,"2021/5/2021052782018841.jpg",,,,,,,"05/27/21 22:46:59",169,0,,,,,,"1-100",,,,"admin",63,0,"T7半封",,,
529,"T8二叉",0,"2021/5/2021052782027769.jpg",,,,,,,"05/27/21 22:47:08",170,0,,,,,,"1-100",,,,"admin",63,0,"T8二叉",,,
530,"T9三叉",0,"2021/5/2021052782036857.jpg",,,,,,,"05/27/21 22:47:17",171,0,,,,,,"1-100",,,,"admin",63,0,"T9三叉",,,
531,"T10四叉",0,"2021/5/2021052782046673.jpg",,,,,,,"05/27/21 22:47:28",172,0,,,,,,"1-100",,,,"admin",63,0,"T10四叉",,,
532,"T13全封",0,"2021/5/2021052782056233.jpg",,,,,,,"05/27/21 22:47:37",173,0,,,,,,"1-100",,,,"admin",63,0,"T13全封",,,
533,"A6",0,"2021/5/2021052782077169.jpg",,,,,,,"05/27/21 22:47:58",174,0,,,,,,"1-100",,,,"admin",64,0,"A6",,,
534,"A7",0,"2021/5/2021052782091769.jpg",,,,,,,"05/27/21 22:48:13",175,0,,,,,,"1-100",,,,"admin",64,0,"A7",,,
535,"A8",0,"2021/5/2021052782103169.jpg",,,,,,,"05/27/21 22:48:23",176,0,,,,,,"1-100",,,,"admin",64,0,"A8",,,
536,"A9",0,"2021/5/2021052782113625.jpg",,,,,,,"05/27/21 22:48:34",177,0,,,,,,"1-100",,,,"admin",64,0,"A9",,,
537,"B301",0,"2021/5/2021052782123113.jpg",,,,,,,"05/27/21 22:48:44",178,0,,,,,,"1-100",,,,"admin",64,0,"B301",,,
538,"2501",0,"2021/5/2021052782146657.jpg",,,,,,,"05/27/21 22:49:07",179,0,,,,,,"1-100",,,,"admin",65,0,"2501",,,
539,"2502",0,"2021/5/2021052782157441.jpg",,,,,,,"05/27/21 22:49:18",180,0,,,,,,"1-100",,,,"admin",65,0,"2502",,,
540,"2503",0,"2021/5/2021052782167129.jpg",,,,,,,"05/27/21 22:49:27",181,0,,,,,,"1-100",,,,"admin",65,0,"2503",,,
541,"2504",0,"2021/5/2021052782175737.jpg",,,,,,,"05/27/21 22:49:37",182,0,,,,,,"1-100",,,,"admin",65,0,"2504",,,
542,"2505",0,"2021/5/2021052782185473.jpg",,,,,,,"05/27/21 22:49:46",183,0,,,,,,"1-100",,,,"admin",65,0,"2505",,,
543,"2506",0,"2021/5/2021052782193625.jpg",,,,,,,"05/27/21 22:49:55",184,0,,,,,,"1-100",,,,"admin",65,0,"2506",,,
544,"2507",0,"2021/5/2021052782203577.jpg",,,,,,,"05/27/21 22:50:04",185,0,,,,,,"1-100",,,,"admin",65,0,"2507",,,
545,"2508",0,"2021/5/2021052876786945.jpg",,,,,,,"05/27/21 22:50:14",186,0,,,,,,"1-100",,,,"admin",65,0,"2508",,,
546,"2701",0,"2021/5/2021052782224345.jpg",,,,,,,"05/27/21 22:50:26",187,0,,,,,,"1-100",,,,"admin",65,0,"2701",,,
547,"2702",0,"2021/5/2021052782234769.jpg",,,,,,,"05/27/21 22:50:35",188,0,,,,,,"1-100",,,,"admin",65,0,"2702",,,
548,"2703",0,"2021/5/2021052782244233.jpg",,,,,,,"05/27/21 22:50:45",189,0,,,,,,"1-100",,,,"admin",65,0,"2703",,,
549,"2705",0,"2021/5/2021052782253425.jpg",,,,,,,"05/27/21 22:50:54",190,0,,,,,,"1-100",,,,"admin",65,0,"2705",,,
550,"2706",0,"2021/5/2021052782262017.jpg",,,,,,,"05/27/21 22:51:02",191,0,,,,,,"1-100",,,,"admin",65,0,"2706",,,
551,"2707",0,"2021/5/2021052782271081.jpg",,,,,,,"05/27/21 22:51:12",192,0,,,,,,"1-100",,,,"admin",65,0,"2707",,,
552,"6P28朱砂红",0,"2021/5/2021052782296529.jpg",,,,,,,"05/27/21 22:51:38",193,0,,,,,,"1-100",,,,"admin",66,0,"6P28朱砂红",,,
553,"6P09大红",0,"2021/5/2021052782308001.jpg",,,,,,,"05/27/21 22:51:49",194,0,,,,,,"1-100",,,,"admin",66,0,"6P09大红",,,
554,"6P22铁红",0,"2021/5/2021052782318689.jpg",,,,,,,"05/27/21 22:51:59",195,0,,,,,,"1-100",,,,"admin",66,0,"6P22铁红",,,
555,"6P01玫红",0,"2021/5/2021052782328657.jpg",,,,,,,"05/27/21 22:52:09",196,0,,,,,,"1-100",,,,"admin",66,0,"6P01玫红",,,
556,"6P10钴蓝",0,"2021/5/2021052782338737.jpg",,,,,,,"05/27/21 22:52:19",197,0,,,,,,"1-100",,,,"admin",66,0,"6P10钴蓝",,,
557,"6P02孔蓝",0,"2021/5/2021052782349689.jpg",,,,,,,"05/27/21 22:52:30",198,0,,,,,,"1-100",,,,"admin",66,0,"6P02孔蓝",,,
558,"6P16蓝灰-亚光",0,"2021/5/2021052782358833.jpg",,,,,,,"05/27/21 22:52:39",199,0,,,,,,"1-100",,,,"admin",66,0,"6P16蓝灰-亚光",,,
559,"6P06黑紫砂",0,"2021/5/2021052782367833.jpg",,,,,,,"05/27/21 22:52:49",200,0,,,,,,"1-100",,,,"admin",66,0,"6P06黑紫砂",,,
560,"6T18桔红",0,"2021/5/2021052782378233.jpg",,,,,,,"05/27/21 22:52:59",201,0,,,,,,"1-100",,,,"admin",66,0,"6T18桔红",,,
561,"6T19包裹红",0,"2021/5/2021052782387065.jpg",,,,,,,"05/27/21 22:53:07",202,0,,,,,,"1-100",,,,"admin",66,0,"6T19包裹红",,,
562,"6T16蓝灰-亚光",0,"2021/5/2021052782398145.jpg",,,,,,,"05/27/21 22:53:19",203,0,,,,,,"1-100",,,,"admin",66,0,"6T16蓝灰-亚光",,,
563,"6T05亮黑",0,"2021/5/2021052782412017.jpg",,,,,,,"05/27/21 22:53:32",204,0,,,,,,"1-100",,,,"admin",66,0,"6T05亮黑",,,
564,"6T28朱砂红",0,"2021/5/2021052782421801.jpg",,,,,,,"05/27/21 22:53:43",205,0,,,,,,"1-100",,,,"admin",66,0,"6T28朱砂红",,,
565,"6T22铁红",0,"2021/5/2021052782432497.jpg",,,,,,,"05/27/21 22:53:53",206,0,,,,,,"1-100",,,,"admin",66,0,"6T22铁红",,,
566,"6T06黑紫砂",0,"2021/5/2021052782444705.jpg",,,,,,,"05/27/21 22:54:06",207,0,,,,,,"1-100",,,,"admin",66,0,"6T06黑紫砂",,,
567,"4101玫瑰红",0,"2021/5/2021052782456473.jpg",,,,,,,"05/27/21 22:54:17",208,0,,,,,,"1-100",,,,"admin",66,0,"4101玫瑰红",,,
568,"4108铁红",0,"2021/5/2021052782467801.jpg",,,,,,,"05/27/21 22:54:28",209,0,,,,,,"1-100",,,,"admin",66,0,"4108铁红",,,
569,"4138宝石蓝",0,"2021/5/2021052782476841.jpg",,,,,,,"05/27/21 22:54:38",210,0,,,,,,"1-100",,,,"admin",66,0,"4138宝石蓝",,,
570,"4153紫砂红",0,"2021/5/2021052782487969.jpg",,,,,,,"05/27/21 22:54:48",211,0,,,,,,"1-100",,,,"admin",66,0,"4153紫砂红",,,
571,"4111哑光灰色",0,"2021/5/2021052782496801.jpg",,,,,,,"05/27/21 22:54:57",212,0,,,,,,"1-100",,,,"admin",66,0,"4111哑光灰色",,,
572,"4119山河红",0,"2021/5/2021052782507233.jpg",,,,,,,"05/27/21 22:55:07",213,0,,,,,,"1-100",,,,"admin",66,0,"4119山河红",,,
573,"主瓦",0,"2021/5/2021052782529457.jpg",,,,,,,"05/27/21 22:55:30",214,0,,,,,,"1-100",,,,"admin",67,0,"主瓦",,,
574,"滴水",0,"2021/5/2021052782541953.jpg",,,,,,,"05/27/21 22:55:42",215,0,,,,,,"1-100",,,,"admin",67,0,"滴水",,,
575,"瓦筒",0,"2021/5/2021052782558441.jpg",,,,,,,"05/27/21 22:55:59",216,0,,,,,,"1-100",,,,"admin",67,0,"瓦筒",,,
576,"反滴水",0,"2021/5/2021052782568441.jpg",,,,,,,"05/27/21 22:56:09",217,0,,,,,,"1-100",,,,"admin",67,0,"反滴水",,,
577,"筒头",0,"2021/5/2021052782578905.jpg",,,,,,,"05/27/21 22:56:19",218,0,,,,,,"1-100",,,,"admin",67,0,"筒头",,,
578,"三星脊",0,"2021/5/2021052782589185.jpg",,,,,,,"05/27/21 22:56:30",219,0,,,,,,"1-100",,,,"admin",67,0,"三星脊",,,
579,"花脊",0,"2021/5/2021052782601233.jpg",,,,,,,"05/27/21 22:56:42",220,0,,,,,,"1-100",,,,"admin",67,0,"花脊",,,
580,"42六角",0,"2021/5/2021052782611609.jpg",,,,,,,"05/27/21 22:56:52",221,0,,,,,,"1-100",,,,"admin",67,0,"42六角",,,
581,"50四角",0,"2021/5/2021052782621201.jpg",,,,,,,"05/27/21 22:57:02",222,0,,,,,,"1-100",,,,"admin",67,0,"50四角",,,
582,"60四角",0,"2021/5/2021052782630385.jpg",,,,,,,"05/27/21 22:57:11",223,0,,,,,,"1-100",,,,"admin",67,0,"60四角",,,
583,"6001铁红",0,"2021/5/2021052877003961.jpg",,,,,,,"05/28/21 21:23:25",224,0,,,,,,"1-100",,,,"admin",68,0,"6001铁红",,,
584,"6002黑金砂",0,"2021/5/2021052877014713.jpg",,,,,,,"05/28/21 21:23:35",225,0,,,,,,"1-100",,,,"admin",68,0,"6002黑金砂",,,
585,"6016包裹黄",0,"2021/5/2021052877025241.jpg",,,,,,,"05/28/21 21:23:46",226,0,,,,,,"1-100",,,,"admin",68,0,"6016包裹黄",,,
586,"6017黑铁红",0,"2021/5/2021052877036729.jpg",,,,,,,"05/28/21 21:23:58",227,0,,,,,,"1-100",,,,"admin",68,0,"6017黑铁红",,,
587,"6028包裹红",0,"2021/5/2021052877053089.jpg",,,,,,,"05/28/21 21:24:13",228,0,,,,,,"1-100",,,,"admin",68,0,"6028包裹红",,,
588,"6033咖红",0,"2021/5/2021052877062713.jpg",,,,,,,"05/28/21 21:24:23",229,0,,,,,,"1-100",,,,"admin",68,0,"6033咖红",,,
589,"6062蓝灰",0,"2021/5/2021052877073241.jpg",,,,,,,"05/28/21 21:24:34",230,0,,,,,,"1-100",,,,"admin",68,0,"6062蓝灰",,,
590,"6063紫砂",0,"2021/5/2021052877084177.jpg",,,,,,,"05/28/21 21:24:45",231,0,,,,,,"1-100",,,,"admin",68,0,"6063紫砂",,,
591,"6095黑紫砂",0,"2021/5/2021052877094585.jpg",,,,,,,"05/28/21 21:24:55",232,0,,,,,,"1-100",,,,"admin",68,0,"6095黑紫砂",,,
592,"2701",0,"2021/5/2021052877124401.jpg",,,,,,,"05/28/21 21:25:25",233,0,,,,,,"1-100",,,,"admin",69,0,"2701",,,
593,"2702",0,"2021/5/2021052877136009.jpg",,,,,,,"05/28/21 21:25:37",234,0,,,,,,"1-100",,,,"admin",69,0,"2702",,,
594,"2709",0,"2021/5/2021052877147401.jpg",,,,,,,"05/28/21 21:25:48",235,0,,,,,,"1-100",,,,"admin",69,0,"2709",,,
595,"2724",0,"2021/5/2021052877158137.jpg",,,,,,,"05/28/21 21:25:59",236,0,,,,,,"1-100",,,,"admin",69,0,"2724",,,
596,"2727",0,"2021/5/2021052877169209.jpg",,,,,,,"05/28/21 21:26:10",237,0,,,,,,"1-100",,,,"admin",69,0,"2727",,,
597,"2728",0,"2021/5/2021052877179177.jpg",,,,,,,"05/28/21 21:26:20",238,0,,,,,,"1-100",,,,"admin",69,0,"2728",,,
598,"2762",0,"2021/5/2021052877189977.jpg",,,,,,,"05/28/21 21:26:31",239,0,,,,,,"1-100",,,,"admin",69,0,"2762",,,
599,"2763",0,"2021/5/2021052877201385.jpg",,,,,,,"05/28/21 21:26:42",240,0,,,,,,"1-100",,,,"admin",69,0,"2763",,,
600,"2795",0,"2021/5/2021052877211865.jpg",,,,,,,"05/28/21 21:26:53",241,0,,,,,,"1-100",,,,"admin",69,0,"2795",,,
601,"2801",0,"2021/5/2021052877236073.jpg",,,,,,,"05/28/21 21:27:17",242,0,,,,,,"1-100",,,,"admin",70,0,"2801",,,
602,"2802",0,"2021/5/2021052877246225.jpg",,,,,,,"05/28/21 21:27:27",243,0,,,,,,"1-100",,,,"admin",70,0,"2802",,,
603,"2858",0,"2021/5/2021052877256681.jpg",,,,,,,"05/28/21 21:27:38",244,0,,,,,,"1-100",,,,"admin",70,0,"2858",,,
604,"2862",0,"2021/5/2021052877267257.jpg",,,,,,,"05/28/21 21:27:48",245,0,,,,,,"1-100",,,,"admin",70,0,"2862",,,
605,"2863",0,"2021/5/2021052877278089.jpg",,,,,,,"05/28/21 21:27:59",246,0,,,,,,"1-100",,,,"admin",70,0,"2863",,,
606,"2895",0,"2021/5/2021052877289073.jpg",,,,,,,"05/28/21 21:28:10",247,0,,,,,,"1-100",,,,"admin",70,0,"2895",,,
607,"26-22西瓦滴水",0,"2021/5/2021052877313049.jpg",,,,,,,"05/28/21 21:28:37",248,0,,,,,,"1-100",,,,"admin",71,0,"26-22西瓦滴水",,,
608,"26-22西瓦滴水",0,"2021/5/2021052877329401.jpg",,,,,,,"05/28/21 21:28:50",249,0,,,,,,"1-100",,,,"admin",71,0,"26-22西瓦滴水",,,
609,"26-22西瓦滴水",0,"2021/5/2021052877344433.jpg",,,,,,,"05/28/21 21:29:05",250,0,,,,,,"1-100",,,,"admin",71,0,"26-22西瓦滴水",,,
610,"26-22西瓦滴水",0,"2021/5/2021052877357929.jpg",,,,,,,"05/28/21 21:29:19",251,0,,,,,,"1-100",,,,"admin",71,0,"26-22西瓦滴水",,,
611,"26-22西瓦滴水",0,"2021/5/2021052877371473.jpg",,,,,,,"05/28/21 21:29:32",252,0,,,,,,"1-100",,,,"admin",71,0,"26-22西瓦滴水",,,
612,"26-22西瓦滴水",0,"2021/5/2021052877383641.jpg",,,,,,,"05/28/21 21:29:44",253,0,,,,,,"1-100",,,,"admin",71,0,"26-22西瓦滴水",,,
613,"26-22西瓦滴水",0,"2021/5/2021052877397273.jpg",,,,,,,"05/28/21 21:29:58",254,0,,,,,,"1-100",,,,"admin",71,0,"26-22西瓦滴水",,,
614,"26-22西瓦滴水",0,"2021/5/2021052877408593.jpg",,,,,,,"05/28/21 21:30:10",255,0,,,,,,"1-100",,,,"admin",71,0,"26-22西瓦滴水",,,
615,"泰山瓦滴水",0,"2021/5/2021052877419281.jpg",,,,,,,"05/28/21 21:30:20",256,0,,,,,,"1-100",,,,"admin",71,0,"泰山瓦滴水",,,
616,"中式罗曼瓦滴水",0,"2021/5/2021052877430121.jpg",,,,,,,"05/28/21 21:30:31",257,0,,,,,,"1-100",,,,"admin",71,0,"中式罗曼瓦滴水",,,
617,"31西瓦滴水",0,"2021/5/2021052877440737.jpg",,,,,,,"05/28/21 21:30:41",258,0,,,,,,"1-100",,,,"admin",71,0,"31西瓦滴水",,,
618,"9618包裹黄",0,"2021/5/2021052877489641.jpg",,,,,,,"05/28/21 21:31:31",259,0,,,,,,"1-100",,,,"admin",72,0,"9618包裹黄",,,
619,"9628大红",0,"2021/5/2021052877499953.jpg",,,,,,,"05/28/21 21:31:41",260,0,,,,,,"1-100",,,,"admin",72,0,"9628大红",,,
620,"9669金黄",0,"2021/5/2021052877509889.jpg",,,,,,,"05/28/21 21:31:52",261,0,,,,,,"1-100",,,,"admin",72,0,"9669金黄",,,
621,"9655青灰",0,"2021/5/2021052877522345.jpg",,,,,,,"05/28/21 21:32:03",262,0,,,,,,"1-100",,,,"admin",72,0,"9655青灰",,,
622,"9663紫砂红",0,"2021/5/2021052877532905.jpg",,,,,,,"05/28/21 21:32:14",263,0,,,,,,"1-100",,,,"admin",72,0,"9663紫砂红",,,
623,"9662蓝灰",0,"2021/5/2021052877543513.jpg",,,,,,,"05/28/21 21:32:24",264,0,,,,,,"1-100",,,,"admin",72,0,"9662蓝灰",,,
624,"9695黑紫砂",0,"2021/5/2021052877555297.jpg",,,,,,,"05/28/21 21:32:36",265,0,,,,,,"1-100",,,,"admin",72,0,"9695黑紫砂",,,
625,"9665青瓦色",0,"2021/5/2021052877565345.jpg",,,,,,,"05/28/21 21:32:46",266,0,,,,,,"1-100",,,,"admin",72,0,"9665青瓦色",,,
626,"9615钢灰",0,"2021/5/2021052877574513.jpg",,,,,,,"05/28/21 21:32:55",267,0,,,,,,"1-100",,,,"admin",72,0,"9615钢灰",,,
627,"410x270",0,"2021/5/2021052877621969.jpg",,,,,,,"05/28/21 21:33:43",268,0,,,,,,"1-100",,,,"admin",73,0,"410x270",,,
628,"370x280",0,"2021/5/2021052877636113.jpg",,,,,,,"05/28/21 21:33:57",269,0,,,,,,"1-100",,,,"admin",73,0,"370x280",,,
629,"370x280",0,"2021/5/2021052877671249.jpg",,,,,,,"05/28/21 21:34:33",270,0,,,,,,"1-100",,,,"admin",73,0,"370x280",,,
630,"370x260",0,"2021/5/2021052877682497.jpg",,,,,,,"05/28/21 21:34:43",271,0,,,,,,"1-100",,,,"admin",73,0,"370x260",,,
631,"260x230",0,"2021/5/2021052877693889.jpg",,,,,,,"05/28/21 21:34:54",272,0,,,,,,"1-100",,,,"admin",73,0,"260x230",,,
632,"260x230",0,"2021/5/2021052877704609.jpg",,,,,,,"05/28/21 21:35:05",273,0,,,,,,"1-100",,,,"admin",73,0,"260x230",,,
633,"260x230",0,"2021/5/2021052877712801.jpg",,,,,,,"05/28/21 21:35:14",274,0,,,,,,"1-100",,,,"admin",73,0,"260x230",,,
634,"拉毛砖52x235x11",0,"2021/5/2021052882802025.jpg",,,,,,,"05/28/21 23:00:04",275,0,,,,,,"1-100",,,,"admin",74,0,"拉毛砖52x235x11",,,
635,"拉毛砖60x240x11",0,"2021/5/2021052882812569.jpg",,,,,,,"05/28/21 23:00:13",276,0,,,,,,"1-100",,,,"admin",74,0,"拉毛砖60x240x11",,,
636,"拉毛砖60x240x8",0,"2021/5/2021052882822809.jpg",,,,,,,"05/28/21 23:00:23",277,0,,,,,,"1-100",,,,"admin",74,0,"拉毛砖60x240x8",,,
637,"墙砖60x240x8",0,"2021/5/2021052882831881.jpg",,,,,,,"05/28/21 23:00:32",278,0,,,,,,"1-100",,,,"admin",74,0,"墙砖60x240x8",,,
638,"墙砖120x240x8",0,"2021/5/2021052882841137.jpg",,,,,,,"05/28/21 23:00:41",279,0,,,,,,"1-100",,,,"admin",74,0,"墙砖120x240x8",,,
639,"瓦片145x155",0,"2021/5/2021052882867761.jpg",,,,,,,"05/28/21 23:01:08",280,0,,,,,,"1-100",,,,"admin",75,0,"瓦片145x155",,,
640,"瓦筒150x70",0,"2021/5/2021052882878385.jpg",,,,,,,"05/28/21 23:01:19",281,0,,,,,,"1-100",,,,"admin",75,0,"瓦筒150x70",,,
641,"滴水",0,"2021/5/2021052882889137.jpg",,,,,,,"05/28/21 23:01:29",282,0,,,,,,"1-100",,,,"admin",75,0,"滴水",,,
642,"勾头",0,"2021/5/2021052882909585.jpg",,,,,,,"05/28/21 23:01:50",283,0,,,,,,"1-100",,,,"admin",75,0,"勾头",,,
643,"挡勾",0,"2021/5/2021052882920465.jpg",,,,,,,"05/28/21 23:02:01",284,0,,,,,,"1-100",,,,"admin",75,0,"挡勾",,,
644,"三星脊",0,"2021/5/2021052882930153.jpg",,,,,,,"05/28/21 23:02:10",285,0,,,,,,"1-100",,,,"admin",75,0,"三星脊",,,
645,"脊座+花脊",0,"2021/5/2021052882939865.jpg",,,,,,,"05/28/21 23:02:20",286,0,,,,,,"1-100",,,,"admin",75,0,"脊座+花脊",,,
646,"角尖",0,"2021/5/2021052882950945.jpg",,,,,,,"05/28/21 23:02:32",287,0,,,,,,"1-100",,,,"admin",75,0,"角尖",,,
647,"垂兽",0,"2021/5/2021052882961713.jpg",,,,,,,"05/28/21 23:02:42",288,0,,,,,,"1-100",,,,"admin",75,0,"垂兽",,,
648,"正吻",0,"2021/5/2021052882972417.jpg",,,,,,,"05/28/21 23:02:53",289,0,,,,,,"1-100",,,,"admin",75,0,"正吻",,,
649,"50#合角吻",0,"2021/5/2021052882982505.jpg",,,,,,,"05/28/21 23:03:03",290,0,,,,,,"1-100",,,,"admin",75,0,"50#合角吻",,,
650,"合博古",0,"2021/5/2021052882993993.jpg",,,,,,,"05/28/21 23:03:15",291,0,,,,,,"1-100",,,,"admin",75,0,"合博古",,,
651,"正博古",0,"2021/5/2021052883008273.jpg",,,,,,,"05/28/21 23:03:29",292,0,,,,,,"1-100",,,,"admin",75,0,"正博古",,,
652,"无花花脊",0,"2021/5/2021052883017521.jpg",,,,,,,"05/28/21 23:03:38",293,0,,,,,,"1-100",,,,"admin",75,0,"无花花脊",,,
653,"正脊",0,"2021/5/2021052883029089.jpg",,,,,,,"05/28/21 23:03:50",294,0,,,,,,"1-100",,,,"admin",75,0,"正脊",,,
654,"三星角尖",0,"2021/5/2021052883038433.jpg",,,,,,,"05/28/21 23:03:59",295,0,,,,,,"1-100",,,,"admin",75,0,"三星角尖",,,
655,"瓦筒角尖",0,"2021/5/2021052883047881.jpg",,,,,,,"05/28/21 23:04:09",296,0,,,,,,"1-100",,,,"admin",75,0,"瓦筒角尖",,,
656,"花脊长角",0,"2021/5/2021052883057569.jpg",,,,,,,"05/28/21 23:04:18",297,0,,,,,,"1-100",,,,"admin",75,0,"花脊长角",,,
657,"三星长角",0,"2021/5/2021052883067793.jpg",,,,,,,"05/28/21 23:04:28",298,0,,,,,,"1-100",,,,"admin",75,0,"三星长角",,,
658,"三星长角",0,"2021/5/2021052883088681.jpg",,,,,,,"05/28/21 23:04:49",299,0,,,,,,"1-100",,,,"admin",75,0,"三星长角",,,
659,"花脊长角（双节）",0,"2021/5/2021052883100537.jpg",,,,,,,"05/28/21 23:05:01",300,0,,,,,,"1-100",,,,"admin",75,0,"花脊长角（双节）",,,
660,"官翘",0,"2021/5/2021052883113209.jpg",,,,,,,"05/28/21 23:05:14",301,0,,,,,,"1-100",,,,"admin",75,0,"官翘",,,
661,"博古",0,"2021/5/2021052883124209.jpg",,,,,,,"05/28/21 23:05:25",302,0,,,,,,"1-100",,,,"admin",75,0,"博古",,,
662,"三星脊博古",0,"2021/5/2021052883136305.jpg",,,,,,,"05/28/21 23:05:37",303,0,,,,,,"1-100",,,,"admin",75,0,"三星脊博古",,,
663,"花脊正博古",0,"2021/5/2021052883148353.jpg",,,,,,,"05/28/21 23:05:49",304,0,,,,,,"1-100",,,,"admin",75,0,"花脊正博古",,,
664,"花脊斜博古",0,"2021/5/2021052883164585.jpg",,,,,,,"05/28/21 23:06:05",305,0,,,,,,"1-100",,,,"admin",75,0,"花脊斜博古",,,
665,"螯鱼",0,"2021/5/2021052883177089.jpg",,,,,,,"05/28/21 23:06:18",306,0,,,,,,"1-100",,,,"admin",75,0,"螯鱼",,,
666,"走兽",0,"2021/5/2021052883189153.jpg",,,,,,,"05/28/21 23:06:30",307,0,,,,,,"1-100",,,,"admin",75,0,"走兽",,,
667,"垂兽",0,"2021/5/2021052883205105.jpg",,,,,,,"05/28/21 23:06:46",308,0,,,,,,"1-100",,,,"admin",75,0,"垂兽",,,
668,"仙人",0,"2021/5/2021052883217401.jpg",,,,,,,"05/28/21 23:06:58",309,0,,,,,,"1-100",,,,"admin",75,0,"仙人",,,
669,"套兽",0,"2021/5/2021052883228449.jpg",,,,,,,"05/28/21 23:07:10",310,0,,,,,,"1-100",,,,"admin",75,0,"套兽",,,
670,"螯鱼",0,"2021/5/2021052883241945.jpg",,,,,,,"05/28/21 23:07:23",311,0,,,,,,"1-100",,,,"admin",75,0,"螯鱼",,,
671,"宝葫芦",0,"2021/5/2021052883253897.jpg",,,,,,,"05/28/21 23:07:34",312,0,,,,,,"1-100",,,,"admin",75,0,"宝葫芦",,,
672,"宝顶",0,"2021/5/2021052883265849.jpg",,,,,,,"05/28/21 23:07:47",313,0,,,,,,"1-100",,,,"admin",75,0,"宝顶",,,
673,"莲花宝顶",0,"2021/5/2021052883277121.jpg",,,,,,,"05/28/21 23:07:58",314,0,,,,,,"1-100",,,,"admin",75,0,"莲花宝顶",,,
674,"八字花窗",0,"2021/5/2021052883290025.jpg",,,,,,,"05/28/21 23:08:11",315,0,,,,,,"1-100",,,,"admin",75,0,"八字花窗",,,
675,"如意窗",0,"2021/5/2021052883301697.jpg",,,,,,,"05/28/21 23:08:23",316,0,,,,,,"1-100",,,,"admin",75,0,"如意窗",,,
676,"龙",0,"2021/5/2021052883313305.jpg",,,,,,,"05/28/21 23:08:34",317,0,,,,,,"1-100",,,,"admin",75,0,"龙",,,
677,"花板",0,"2021/5/2021052883324241.jpg",,,,,,,"05/28/21 23:08:45",318,0,,,,,,"1-100",,,,"admin",75,0,"花板",,,
678,"30龙正吻",0,"2021/5/2021052883335521.jpg",,,,,,,"05/28/21 23:08:56",319,0,,,,,,"1-100",,,,"admin",75,0,"30龙正吻",,,
679,"50龙正吻",0,"2021/5/2021052883346681.jpg",,,,,,,"05/28/21 23:09:07",320,0,,,,,,"1-100",,,,"admin",75,0,"50龙正吻",,,
680,"80龙正吻",0,"2021/5/2021052883356881.jpg",,,,,,,"05/28/21 23:09:18",321,0,,,,,,"1-100",,,,"admin",75,0,"80龙正吻",,,
681,"鱼尾吻",0,"2021/5/2021052883367617.jpg",,,,,,,"05/28/21 23:09:28",322,0,,,,,,"1-100",,,,"admin",75,0,"鱼尾吻",,,
682,"鱼尾吻",0,"2021/5/2021052883380073.jpg",,,,,,,"05/28/21 23:09:41",323,0,,,,,,"1-100",,,,"admin",75,0,"鱼尾吻",,,
683,"回纹地砖400x400x15",0,"2021/5/2021052883406401.jpg",,,,,,,"05/28/21 23:10:07",324,0,,,,,,"1-100",,,,"admin",76,0,"回纹地砖400x400x15",,,
684,"300x600x20",0,"2021/5/2021052883416569.jpg",,,,,,,"05/28/21 23:10:17",325,0,,,,,,"1-100",,,,"admin",76,0,"300x600x20",,,
685,"500x500x12",0,"2021/5/2021052883425273.jpg",,,,,,,"05/28/21 23:10:26",326,0,,,,,,"1-100",,,,"admin",76,0,"500x500x12",,,
686,"400x400x12",0,"2021/5/2021052883435257.jpg",,,,,,,"05/28/21 23:10:36",327,0,,,,,,"1-100",,,,"admin",76,0,"400x400x12",,,
687,"300x300x12",0,"2021/5/2021052883447137.jpg",,,,,,,"05/28/21 23:10:47",328,0,,,,,,"1-100",,,,"admin",76,0,"300x300x12",,,
688,"S3左瓦S4右瓦（300x130）",0,"2021/5/2021052883469009.jpg",,,,,,,"05/28/21 23:11:10",329,0,,,,,,"1-100",,,,"admin",77,0,"S3左瓦S4右瓦（300x130）",,,
689,"S盾挡沟（260x60）",0,"2021/5/2021052883478537.jpg",,,,,,,"05/28/21 23:11:19",330,0,,,,,,"1-100",,,,"admin",77,0,"S盾挡沟（260x60）",,,
690,"S5西脊（280x170）",0,"2021/5/2021052883487833.jpg",,,,,,,"05/28/21 23:11:28",331,0,,,,,,"1-100",,,,"admin",77,0,"S5西脊（280x170）",,,
691,"S13屋脊封头（240x170）",0,"2021/5/2021052883500137.jpg",,,,,,,"05/28/21 23:11:41",332,0,,,,,,"1-100",,,,"admin",77,0,"S13屋脊封头（240x170）",,,
692,"S7斜脊封头（240x170）",0,"2021/5/2021052883510177.jpg",,,,,,,"05/28/21 23:11:51",333,0,,,,,,"1-100",,,,"admin",77,0,"S7斜脊封头（240x170）",,,
693,"S2排水沟（240x180）",0,"2021/5/2021052883520809.jpg",,,,,,,"05/28/21 23:12:03",334,0,,,,,,"1-100",,,,"admin",77,0,"S2排水沟（240x180）",,,
694,"S8二叉（210x160）",0,"2021/5/2021052883534497.jpg",,,,,,,"05/28/21 23:12:15",335,0,,,,,,"1-100",,,,"admin",77,0,"S8二叉（210x160）",,,
695,"S9三叉（300x300）",0,"2021/5/2021052883544497.jpg",,,,,,,"05/28/21 23:12:26",336,0,,,,,,"1-100",,,,"admin",77,0,"S9三叉（300x300）",,,
696,"S四通（380x380）",0,"2021/5/2021052883555833.jpg",,,,,,,"05/28/21 23:12:36",337,0,,,,,,"1-100",,,,"admin",77,0,"S四通（380x380）",,,
697,"S15连锁瓦滴水（250x300）",0,"2021/5/2021052883564945.jpg",,,,,,,"05/28/21 23:12:46",338,0,,,,,,"1-100",,,,"admin",77,0,"S15连锁瓦滴水（250x300）",,,
698,"S连锁瓦斜盾（200x65）",0,"2021/5/2021052883575041.jpg",,,,,,,"05/28/21 23:13:01",339,0,,,,,,"1-100",,,,"admin",77,0,"S连锁瓦斜盾（200x65）",,,
699,"S14全封（240x170）",0,"2021/5/2021052883590713.jpg",,,,,,,"05/28/21 23:13:11",340,0,,,,,,"1-100",,,,"admin",77,0,"S14全封（240x170）",,,
700,"s1",0,"2021/5/2021052883622225.jpg",,,,,,,"05/28/21 23:13:43",341,0,,,,,,"1-100",,,,"admin",78,0,"s1",,,
701,"s2",0,"2021/5/2021052883635241.jpg",,,,,,,"05/28/21 23:13:56",342,0,,,,,,"1-100",,,,"admin",78,0,"s2",,,
702,"s3",0,"2021/5/2021052883661209.jpg",,,,,,,"05/28/21 23:14:23",343,0,,,,,,"1-100",,,,"admin",78,0,"s3",,,
703,"s4",0,"2021/5/2021052883672865.jpg",,,,,,,"05/28/21 23:14:33",344,0,,,,,,"1-100",,,,"admin",78,0,"s4",,,
704,"s5",0,"2021/5/2021052883681945.jpg",,,,,,,"05/28/21 23:14:43",345,0,,,,,,"1-100",,,,"admin",78,0,"s5",,,
705,"s6",0,"2021/5/2021052883690401.jpg",,,,,,,"05/28/21 23:14:51",346,0,,,,,,"1-100",,,,"admin",78,0,"s6",,,
706,"s7",0,"2021/5/2021052883699169.jpg",,,,,,,"05/28/21 23:15:00",347,0,,,,,,"1-100",,,,"admin",78,0,"s7",,,
707,"s8",0,"2021/5/2021052883712009.jpg",,,,,,,"05/28/21 23:15:14",348,0,,,,,,"1-100",,,,"admin",78,0,"s8",,,
708,"s9",0,"2021/5/2021052883723993.jpg",,,,,,,"05/28/21 23:15:25",349,0,,,,,,"1-100",,,,"admin",78,0,"s9",,,
709,"s10",0,"2021/5/2021052883733697.jpg",,,,,,,"05/28/21 23:15:34",350,0,,,,,,"1-100",,,,"admin",78,0,"s10",,,
710,"s11",0,"2021/5/2021052883743121.jpg",,,,,,,"05/28/21 23:15:44",351,0,,,,,,"1-100",,,,"admin",78,0,"s11",,,
711,"s12",0,"2021/5/2021052883753177.jpg",,,,,,,"05/28/21 23:15:54",352,0,,,,,,"1-100",,,,"admin",78,0,"s12",,,
712,"s13",0,"2021/5/2021052883763945.jpg",,,,,,,"05/28/21 23:16:05",353,0,,,,,,"1-100",,,,"admin",78,0,"s13",,,
713,"s14",0,"2021/5/2021052883774121.jpg",,,,,,,"05/28/21 23:16:15",354,0,,,,,,"1-100",,,,"admin",78,0,"s14",,,
714,"s15",0,"2021/5/2021052883784177.jpg",,,,,,,"05/28/21 23:16:25",355,0,,,,,,"1-100",,,,"admin",78,0,"s15",,,
715,"s16",0,"2021/5/2021052883793585.jpg",,,,,,,"05/28/21 23:16:34",356,0,,,,,,"1-100",,,,"admin",78,0,"s16",,,
716,"2#圆瓦脊",0,"2021/5/2021052883820745.jpg",,,,,,,"05/28/21 23:17:02",357,0,,,,,,"1-100",,,,"admin",79,0,"2#圆瓦脊",,,
717,"2#角瓦脊",0,"2021/5/2021052883831929.jpg",,,,,,,"05/28/21 23:17:13",358,0,,,,,,"1-100",,,,"admin",79,0,"2#角瓦脊",,,
718,"2#圆防水瓦脊",0,"2021/5/2021052883841449.jpg",,,,,,,"05/28/21 23:17:23",359,0,,,,,,"1-100",,,,"admin",79,0,"2#圆防水瓦脊",,,
719,"火箭脊（角型斜脊）",0,"2021/5/2021052883851497.jpg",,,,,,,"05/28/21 23:17:32",360,0,,,,,,"1-100",,,,"admin",79,0,"火箭脊（角型斜脊）",,,
720,"3#斜脊收口",0,"2021/5/2021052883861401.jpg",,,,,,,"05/28/21 23:17:42",361,0,,,,,,"1-100",,,,"admin",79,0,"3#斜脊收口",,,
721,"3#斜脊",0,"2021/5/2021052883871497.jpg",,,,,,,"05/28/21 23:17:52",362,0,,,,,,"1-100",,,,"admin",79,0,"3#斜脊",,,
722,"3#斜脊卷尾",0,"2021/5/2021052883881153.jpg",,,,,,,"05/28/21 23:18:02",363,0,,,,,,"1-100",,,,"admin",79,0,"3#斜脊卷尾",,,
723,"2#正脊卷尾",0,"2021/5/2021052883891073.jpg",,,,,,,"05/28/21 23:18:12",364,0,,,,,,"1-100",,,,"admin",79,0,"2#正脊卷尾",,,
724,"圆型滴水",0,"2021/5/2021052883900025.jpg",,,,,,,"05/28/21 23:18:20",365,0,,,,,,"1-100",,,,"admin",79,0,"圆型滴水",,,
725,"圆防水波形瓦瓦口",0,"2021/5/2021052883911865.jpg",,,,,,,"05/28/21 23:18:32",366,0,,,,,,"1-100",,,,"admin",79,0,"圆防水波形瓦瓦口",,,
726,"圆珠",0,"2021/5/2021052883922057.jpg",,,,,,,"05/28/21 23:18:43",367,0,,,,,,"1-100",,,,"admin",79,0,"圆珠",,,
727,"圆珠",0,"2021/5/2021052883936137.jpg",,,,,,,"05/28/21 23:18:57",368,0,,,,,,"1-100",,,,"admin",79,0,"圆珠",,,
728,"角型滴水",0,"2021/5/2021052883946913.jpg",,,,,,,"05/28/21 23:19:08",369,0,,,,,,"1-100",,,,"admin",79,0,"角型滴水",,,
729,"角波形瓦口",0,"2021/5/2021052883958337.jpg",,,,,,,"05/28/21 23:19:19",370,0,,,,,,"1-100",,,,"admin",79,0,"角波形瓦口",,,
730,"圆波形瓦口",0,"2021/5/2021052883969041.jpg",,,,,,,"05/28/21 23:19:30",371,0,,,,,,"1-100",,,,"admin",79,0,"圆波形瓦口",,,
731,"圆防水波形瓦口",0,"2021/5/2021052883978521.jpg",,,,,,,"05/28/21 23:19:39",372,0,,,,,,"1-100",,,,"admin",79,0,"圆防水波形瓦口",,,
732,"波形瓦脊",0,"2021/5/2021052883988169.jpg",,,,,,,"05/28/21 23:19:49",373,0,,,,,,"1-100",,,,"admin",79,0,"波形瓦脊",,,
733,"连体博古",0,"2021/5/2021052883997449.jpg",,,,,,,"05/28/21 23:19:58",374,0,,,,,,"1-100",,,,"admin",79,0,"连体博古",,,
734,"正博古",0,"2021/5/2021052884009449.jpg",,,,,,,"05/28/21 23:20:10",375,0,,,,,,"1-100",,,,"admin",79,0,"正博古",,,
735,"斜博古",0,"2021/5/2021052884023073.jpg",,,,,,,"05/28/21 23:20:25",376,0,,,,,,"1-100",,,,"admin",79,0,"斜博古",,,
736,"三叉",0,"2021/5/2021052884036665.jpg",,,,,,,"05/28/21 23:20:37",377,0,,,,,,"1-100",,,,"admin",79,0,"三叉",,,
737,"二叉",0,"2021/5/2021052884050697.jpg",,,,,,,"05/28/21 23:20:53",378,0,,,,,,"1-100",,,,"admin",79,0,"二叉",,,
738,"三叉（一大二小）",0,"2021/5/2021052884063713.jpg",,,,,,,"05/28/21 23:21:04",379,0,,,,,,"1-100",,,,"admin",79,0,"三叉（一大二小）",,,
739,"2#圆脊收口",0,"2021/5/2021052884075465.jpg",,,,,,,"05/28/21 23:21:16",380,0,,,,,,"1-100",,,,"admin",79,0,"2#圆脊收口",,,
740,"角瓦",0,"2021/5/2021052884086585.jpg",,,,,,,"05/28/21 23:21:27",381,0,,,,,,"1-100",,,,"admin",79,0,"角瓦",,,
741,"S盾挡沟",0,"2021/5/2021052884097809.jpg",,,,,,,"05/28/21 23:21:39",382,0,,,,,,"1-100",,,,"admin",79,0,"S盾挡沟",,,
742,"S盾挡沟（防水）",0,"2021/5/2021052884109417.jpg",,,,,,,"05/28/21 23:21:50",383,0,,,,,,"1-100",,,,"admin",79,0,"S盾挡沟（防水）",,,
743,"脊座+花脊",0,"2021/5/2021052884120433.jpg",,,,,,,"05/28/21 23:22:01",384,0,,,,,,"1-100",,,,"admin",79,0,"脊座+花脊",,,
744,"宝顶",0,"2021/5/2021052884133289.jpg",,,,,,,"05/28/21 23:22:14",385,0,,,,,,"1-100",,,,"admin",79,0,"宝顶",,,
745,"SFY3651(珍珠白)",0,"2021/5/2021052884155713.jpg",,,,,,,"05/28/21 23:22:36",386,0,,,,,,"1-100",,,,"admin",80,0,"SFY3651(珍珠白)",,,
746,"SFY3652(白麻)",0,"2021/5/2021052884166105.jpg",,,,,,,"05/28/21 23:22:47",387,0,,,,,,"1-100",,,,"admin",80,0,"SFY3652(白麻)",,,
747,"SFY3653(卡麦金)",0,"2021/5/2021052884175849.jpg",,,,,,,"05/28/21 23:22:57",388,0,,,,,,"1-100",,,,"admin",80,0,"SFY3653(卡麦金)",,,
748,"SFY3654(大花白)",0,"2021/5/2021052884185913.jpg",,,,,,,"05/28/21 23:23:07",389,0,,,,,,"1-100",,,,"admin",80,0,"SFY3654(大花白)",,,
749,"SFY3655(黄金麻)",0,"2021/5/2021052884196881.jpg",,,,,,,"05/28/21 23:23:17",390,0,,,,,,"1-100",,,,"admin",80,0,"SFY3655(黄金麻)",,,
750,"SFY3656(石岛红)",0,"2021/5/2021052884207225.jpg",,,,,,,"05/28/21 23:23:32",391,0,,,,,,"1-100",,,,"admin",80,0,"SFY3656(石岛红)",,,
751,"SFY3657(芝麻灰)",0,"2021/5/2021052884222057.jpg",,,,,,,"05/28/21 23:23:42",392,0,,,,,,"1-100",,,,"admin",80,0,"SFY3657(芝麻灰)",,,
752,"SFY3658(芝麻黑)",0,"2021/5/2021052884233177.jpg",,,,,,,"05/28/21 23:23:53",393,0,,,,,,"1-100",,,,"admin",80,0,"SFY3658(芝麻黑)",,,
753,"SFY3659(芝麻白)",0,"2021/5/2021052884242257.jpg",,,,,,,"05/28/21 23:24:03",394,0,,,,,,"1-100",,,,"admin",80,0,"SFY3659(芝麻白)",,,
